day,nan,gap_s,masked_s,kept
2023-05-16,42587,42588,0,False
2023-05-17,31582,31583,0,False
2023-05-18,0,1,8,True
2023-05-19,0,2,0,True
2023-05-20,0,1,0,True
2023-05-21,0,2,0,True
2023-05-22,0,2,0,True
2023-05-23,0,1,1,True
2023-05-24,0,1,11,True
2023-05-25,0,1,2,True
2023-05-26,0,1,0,True
2023-05-27,0,1,0,True
2023-05-28,0,1,5,True
2023-05-29,0,1,3,True
2023-05-30,0,1,0,True
2023-05-31,0,2,4,True
2023-06-01,0,1,0,True
2023-06-02,0,2,4,True
2023-06-03,0,2,0,True
2023-06-04,0,1,0,True
2023-06-05,0,1,97,True
2023-06-06,0,1,6,True
2023-06-07,0,1,0,True
2023-06-08,0,4,0,True
2023-06-09,0,4,0,True
2023-06-10,0,3,8,True
2023-06-11,0,3,0,True
2023-06-12,0,3,0,True
2023-06-13,3,4,0,False
2023-06-14,0,3,18,True
2023-06-15,0,7,0,True
2023-06-16,0,3,4,True
2023-06-17,0,3,5,True
2023-06-18,0,3,1,True
2023-06-19,0,3,4,True
2023-06-20,0,3,1,True
2023-06-21,0,3,23,True
2023-06-22,0,3,7,True
2023-06-23,0,2,14,True
2023-06-24,0,3,4,True
2023-06-25,0,1,1,True
2023-06-26,0,2,9,True
2023-06-27,0,2,1,True
2023-06-28,0,1,13,True
2023-06-29,0,3,1,True
2023-06-30,0,2,51,True
2023-07-01,0,3,0,True
2023-07-02,0,1,2,True
2023-07-03,0,3,4,True
2023-07-04,0,3,3,True
2023-07-05,0,3,5,True
2023-07-06,0,1,7,True
2023-07-07,0,3,7,True
2023-07-08,0,2,0,True
2023-07-09,0,5,0,True
2023-07-10,0,3,4,True
2023-07-11,0,3,2,True
2023-07-12,0,2,8,True
2023-07-13,0,1,6,True
2023-07-14,0,1,4,True
2023-07-15,0,1,0,True
2023-07-16,0,2,0,True
2023-07-17,0,3,5,True
2023-07-18,0,1,4,True
2023-07-19,0,2,1,True
2023-07-20,0,2,0,True
2023-07-21,0,2,0,True
2023-07-22,0,1,0,True
2023-07-23,0,1,0,True
2023-07-24,0,1,26,True
2023-07-25,0,3,0,True
2023-07-26,0,3,3,True
2023-07-27,0,2,0,True
2023-07-28,0,4,0,True
2023-07-29,0,4,0,True
2023-07-30,0,2,4,True
2023-07-31,0,2,1,True
2023-08-01,0,2,23,True
2023-08-02,0,2,4,True
2023-08-03,0,3,0,True
2023-08-04,0,4,3,True
2023-08-05,0,4,0,True
2023-08-06,0,4,0,True
2023-08-07,0,3,5,True
2023-08-08,0,4,0,True
2023-08-09,0,4,0,True
2023-08-10,0,4,1,True
2023-08-11,0,4,0,True
2023-08-12,0,3,0,True
2023-08-13,0,2,0,True
2023-08-14,0,2,0,True
2023-08-15,0,4,6,True
2023-08-16,0,4,5,True
2023-08-17,0,3,94,True
2023-08-18,0,3,5,True
2023-08-19,0,3,0,True
2023-08-20,0,3,0,True
2023-08-21,0,3,2,True
2023-08-22,0,3,10,True
2023-08-23,0,2,4,True
2023-08-24,0,2,0,True
2023-08-25,0,2,2,True
2023-08-26,0,1,0,True
2023-08-27,0,1,0,True
2023-08-28,0,3,0,True
2023-08-29,0,2,43,True
2023-08-30,0,3,6,True
2023-08-31,0,3,14,True
2023-09-01,0,2,6,True
2023-09-02,0,4,0,True
2023-09-03,0,3,1,True
2023-09-04,0,3,2,True
2023-09-05,4,5,0,False
2023-09-06,0,1,4,True
2023-09-07,0,3,1,True
2023-09-08,0,4,0,True
2023-09-09,0,3,0,True
2023-09-10,0,3,2,True
2023-09-11,0,2,13,True
2023-09-12,0,1190,0,False
2023-09-13,0,2,1,True
2023-09-14,0,2,5,True
2023-09-15,0,3,0,True
2023-09-16,2,3,0,False
2023-09-17,0,3,1,True
2023-09-18,0,1,3,True
2023-09-19,0,1,2,True
2023-09-20,0,3,4,True
2023-09-21,0,6327,0,False
2023-09-22,19190,19191,0,False
2023-09-23,0,3,0,True
2023-09-24,0,3,4,True
2023-09-25,0,2,1,True
2023-09-26,0,4,0,True
2023-09-27,0,4,5,True
2023-09-28,0,3,1,True
2023-09-29,0,2,0,True
2023-09-30,0,2,0,True
2023-10-01,0,2,20,True
2023-10-02,0,2,16,True
2023-10-03,0,3,0,True
2023-10-04,0,3,1,True
2023-10-05,0,3,2,True
2023-10-06,0,3,7,True
2023-10-07,0,2,0,True
2023-10-08,0,2,0,True
2023-10-09,0,1,8,True
2023-10-10,0,3,0,True
2023-10-11,0,3,9,True
2023-10-12,0,3,0,True
2023-10-13,4,5,0,False
2023-10-14,0,3,0,True
2023-10-15,0,3,2,True
2023-10-16,0,3,85,True
2023-10-17,0,3,1,True
2023-10-18,0,3,7,True
2023-10-19,0,3,4,True
2023-10-20,0,3,6,True
2023-10-21,0,3,3,True
2023-10-22,0,3,7,True
2023-10-23,0,2,147,True
2023-10-24,0,3,33,True
2023-10-25,0,3,6,True
2023-10-26,0,3,4,True
2023-10-27,0,3,6,True
2023-10-28,0,3,3,True
2023-10-29,0,3,0,True
2023-10-30,0,2,6,True
2023-10-31,0,3,3,True
2023-11-01,0,3,3,True
2023-11-02,0,3,8,True
2023-11-03,0,3,2,True
2023-11-04,0,3,4,True
2023-11-05,0,1,6,True
2023-11-06,0,4,1,True
2023-11-07,0,1,5,True
2023-11-08,0,3,3,True
2023-11-09,0,2,48,True
2023-11-10,0,1,0,True
2023-11-11,0,3,1,True
2023-11-12,0,1,1,True
2023-11-13,0,3,2,True
2023-11-14,0,2,27,True
2023-11-15,0,2,9,True
2023-11-16,0,2,0,True
2023-11-17,0,2,10,True
2023-11-18,0,2,0,True
2023-11-19,0,1,1,True
2023-11-20,0,2,5,True
2023-11-21,0,2,7,True
2023-11-22,0,1,6,True
2023-11-23,0,1,0,True
2023-11-24,0,1,3,True
2023-11-25,0,1,0,True
2023-11-26,0,1,2,True
2023-11-27,0,2,1,True
2023-11-28,0,1,0,True
2023-11-29,0,2,1,True
2023-11-30,0,1,0,True
2023-12-01,0,2,1,True
2023-12-02,0,1,8,True
2023-12-03,0,2,0,True
2023-12-04,0,1,3,True
2023-12-05,0,1,4,True
2023-12-06,0,1,0,True
2023-12-07,0,469,0,False
2023-12-08,0,2,0,True
2023-12-09,0,2,1,True
2023-12-10,0,1,0,True
2023-12-11,0,1,44,True
2023-12-12,0,1,1,True
2023-12-13,0,1,2,True
2023-12-14,0,1,20,True
2023-12-15,0,1,1,True
2023-12-16,0,1,0,True
2023-12-17,0,1,0,True
2023-12-18,0,2,5,True
2023-12-19,0,2,2,True
2023-12-20,2,3,0,False
2023-12-21,0,1,2,True
2023-12-22,0,2,0,True
2023-12-23,0,1,0,True
2023-12-24,0,1,7,True
2023-12-25,0,1,1,True
2023-12-26,0,1,9,True
2023-12-27,0,1,3,True
2023-12-28,0,1,2,True
2023-12-29,0,1,7,True
2023-12-30,0,2,0,True
2023-12-31,0,2,1,True
2024-01-01,0,1,0,True
2024-01-02,0,2,4,True
2024-01-03,0,826,0,False
2024-01-04,0,1,4,True
2024-01-05,0,2,34,True
2024-01-06,0,1,0,True
2024-01-07,0,1,0,True
2024-01-08,0,1,16,True
2024-01-09,0,1,85,True
2024-01-10,0,1,62,True
2024-01-11,0,2,13,True
2024-01-12,0,1,24,True
2024-01-13,0,1,0,True
2024-01-14,0,1,2,True
2024-01-15,0,2,0,True
2024-01-16,0,1,1,True
2024-01-17,0,2,1,True
2024-01-18,0,2,3,True
2024-01-19,0,1,5,True
2024-01-20,0,1,0,True
2024-01-21,0,1,0,True
2024-01-22,0,1,8,True
2024-01-23,0,1,0,True
2024-01-24,0,2,0,True
2024-01-25,0,1,3,True
2024-01-26,0,1,4,True
2024-01-27,0,1,0,True
2024-01-28,0,1,0,True
2024-01-29,0,1,0,True
2024-01-30,0,1,0,True
2024-01-31,0,1,1,True
2024-02-01,0,1,1,True
2024-02-02,0,1,1,True
2024-02-03,0,1,0,True
2024-02-04,0,1,2,True
2024-02-05,0,2,1,True
2024-02-06,0,2,0,True
2024-02-07,2,3,0,False
2024-02-08,0,2,0,True
2024-02-09,0,1,10,True
2024-02-10,0,1,2,True
2024-02-11,0,1,0,True
2024-02-12,0,1,1,True
2024-02-13,0,1,3,True
2024-02-14,0,1,4,True
2024-02-15,0,1,1,True
2024-02-16,0,2,0,True
2024-02-17,0,1,2,True
2024-02-18,0,1,1,True
2024-02-19,0,1,0,True
2024-02-20,0,2,1,True
2024-02-21,0,1,2,True
2024-02-22,0,1,2,True
2024-02-23,0,1,1,True
2024-02-24,0,1,0,True
2024-02-25,0,1,0,True
2024-02-26,0,1,3,True
2024-02-27,0,1,10,True
2024-02-28,0,2587,0,False
2024-02-29,0,1,5,True
2024-03-01,0,1,1,True
2024-03-02,0,1,0,True
2024-03-03,0,1,1,True
2024-03-04,0,1,11,True
2024-03-05,0,1,140,True
2024-03-06,0,1,19,True
2024-03-07,0,1,1,True
2024-03-08,0,3972,0,False
2024-03-09,0,1,0,True
2024-03-10,0,1,3,True
2024-03-11,0,1,10,True
2024-03-12,0,1,29,True
2024-03-13,0,1,0,True
2024-03-14,0,1,17,True
2024-03-15,0,3,73,True
2024-03-16,0,1,6,True
2024-03-17,0,2,5,True
2024-03-18,0,1,2,True
2024-03-19,0,1,10,True
2024-03-20,0,1,23,True
2024-03-21,0,2,8,True
2024-03-22,0,2,3,True
2024-03-23,0,1,4,True
2024-03-24,0,1,2,True
2024-03-25,0,1,2,True
2024-03-26,0,1,1,True
2024-03-27,0,1,16,True
2024-03-28,0,1,0,True
2024-03-29,0,3,1,True
2024-03-30,0,1,0,True
2024-04-01,0,1,12,True
2024-05-01,0,1,28,True
2024-06-01,0,1,0,True
2024-07-01,0,2,3,True
2024-08-01,0,1,1,True
2024-09-01,0,2,3,True
2024-10-01,0,2,7,True
2024-11-01,0,3,3,True
2024-12-01,0,4,3,True
2025-01-01,0,4,0,True
2025-02-01,0,5,0,True
2025-03-01,0,3,0,True
2025-04-01,0,2,0,True
2025-05-01,0,3,1,True
2025-06-01,0,3,0,True
2025-06-28,18060,18061,0,False
2025-06-29,59,60,0,False
2025-06-30,0,71,0,False
2025-07-01,0,3,0,True
2025-07-02,0,69,0,False
2025-07-03,0,70,0,False
2025-07-04,0,2,0,True
2025-07-05,0,3,0,True
2025-07-06,0,68,0,False
2025-07-07,0,9,0,True
2025-07-08,0,51,0,True
2025-07-09,0,18,4,True
2025-07-10,0,3,20,True
2025-07-11,0,3,2,True
2025-07-12,0,3,0,True
2025-07-13,0,3,0,True
2025-07-14,0,2,6,True
2025-07-15,0,7,4,True
2025-07-16,0,3,2,True
2025-07-17,0,52,1,True
2025-07-18,0,3,1,True
2025-07-19,0,58,0,True
2025-07-20,0,47,2,True
2025-07-21,0,43,0,True
2025-07-22,0,71,0,False
2025-07-23,0,55,0,True
2025-07-24,0,9,3,True
2025-07-25,0,2,4,True
2025-07-26,0,3,0,True
2025-07-27,0,4,0,True
2025-07-28,0,56,1,True
2025-07-29,0,4,0,True
2025-07-30,0,23,2,True
2025-07-31,0,51,0,True
2025-08-01,0,1,3,True
2025-08-02,0,1,1,True
2025-08-03,0,1,0,True
2025-08-04,0,67,0,False
2025-08-05,0,2,0,True
2025-08-06,0,2,2,True
2025-08-07,0,2,0,True
2025-08-08,0,1,1,True
2025-08-09,0,1,0,True
2025-08-10,0,1,1,True
2025-08-11,0,2,2,True
2025-08-12,0,1,0,True
2025-08-13,0,2,2,True
2025-08-14,0,49,26,True
2025-08-15,0,1,1,True
2025-08-16,0,1,0,True
2025-08-17,0,1,0,True
2025-08-18,0,2,3,True
2025-08-19,0,48,1,True
2025-08-20,0,38,0,True
2025-08-21,0,1,0,True
2025-08-22,0,71,0,False
2025-08-23,0,2,0,True
2025-08-24,0,11,14,True
2025-08-25,0,10,5,True
2025-08-26,0,5,0,True
2025-08-27,0,8,1,True
2025-08-28,0,12,0,True
2025-08-29,0,1140,0,False
2025-08-30,0,42,0,True
2025-08-31,0,1,0,True
2025-09-01,0,1,0,True
2025-09-02,0,6,3,True
2025-09-03,0,2,0,True
2025-09-04,0,4,1,True
2025-09-05,0,4,1,True
2025-09-06,0,1,0,True
2025-09-07,0,1,0,True
2025-09-08,0,2,1,True
2025-09-09,0,26,2,True
2025-09-10,0,9,0,True
2025-09-11,0,9,2,True
2025-09-12,0,2,0,True
2025-09-13,0,45,0,True
2025-09-14,0,54,0,True
2025-09-15,0,2,1,True
2025-09-16,0,1,0,True
2025-09-17,0,117,0,False
2025-09-18,0,61,0,False
2025-09-19,0,5,0,True
2025-09-20,0,28,0,True
2025-09-21,0,1,0,True
2025-09-22,0,54,14,True
2025-09-23,0,81,0,False
2025-09-24,0,144,0,False
2025-09-25,0,77,0,False
2025-09-26,0,23,1,True
2025-09-27,0,26,0,True
2025-09-28,0,1,0,True
2025-09-29,0,2,0,True
2025-09-30,0,10,0,True
2025-10-01,0,1,0,True
2025-10-02,0,3,0,True
2025-10-03,0,39,2,True
2025-10-04,0,62,0,False
2025-10-05,0,1,3,True
2025-10-06,0,1,1,True
2025-10-07,0,7,1,True
2025-10-08,0,171,0,False
2025-10-09,0,2,0,True
2025-10-10,0,102,0,False
2025-10-11,0,1,3,True
2025-10-12,0,12,5,True
2025-10-13,0,9,1,True
2025-10-14,0,201,0,False
2025-10-15,0,31,5,True
2025-10-16,0,52,13,True
2025-10-17,0,20,6,True
2025-10-18,0,82,0,False
2025-10-19,0,68,0,False
2025-10-20,0,77,0,False
2025-10-21,0,120,0,False
2025-10-22,0,153,0,False
2025-10-23,0,125,0,False
2025-10-24,0,119,0,False
2025-10-25,0,1,0,True
2025-10-26,0,1,3,True
2025-10-27,0,3,1,True
2025-10-28,0,97,0,False
2025-10-29,0,177,0,False
2025-10-30,0,280,0,False
2025-10-31,0,214,0,False
2025-11-01,0,1,0,True
2025-11-02,0,1,1,True
2025-11-03,0,128,0,False
2025-11-04,0,122,0,False
2025-11-05,0,122,0,False
2025-11-06,0,4,22,True
2025-11-07,0,136,0,False
2025-11-08,0,176,0,False
2025-11-09,0,1,13,True
2025-11-10,0,98,0,False
2025-11-11,0,3,0,True
2025-11-12,0,4,2,True
2025-11-13,0,227,0,False
2025-11-14,0,108,0,False
2025-11-15,0,1,1,True
2025-11-16,0,1,2,True
2025-11-17,0,92,0,False
2025-11-18,0,73,0,False
2025-11-19,0,86,0,False
2025-11-20,0,30,3,True
2025-11-21,0,71,0,False
2025-11-22,0,47,0,True
2025-11-23,0,46,0,True
2025-11-24,0,80,0,False
2025-11-25,0,59,1,True
2025-11-26,0,38,0,True
2025-11-27,0,1,0,True
2025-11-28,0,57,2,True
2025-11-29,0,58,2,True
2025-11-30,0,59,0,True
2025-12-01,0,1,12,True
2025-12-02,0,42,2,True
2025-12-03,0,34,2,True
2025-12-04,0,1,1,True
2025-12-05,0,5,8,True
2025-12-06,0,2,2,True
2025-12-07,0,55,5,True
2025-12-08,0,1,2,True
2025-12-09,0,119,0,False
2025-12-10,0,7,2,True
2025-12-11,0,4,2,True
2025-12-12,0,14,0,True
2025-12-13,0,1,0,True
2025-12-14,0,62,0,False
2025-12-15,0,58,0,True
2025-12-16,0,24,3,True
2025-12-17,0,68,0,False
2025-12-18,0,75,0,False
2025-12-19,0,1,4,True
2025-12-20,0,2,1,True
2025-12-21,0,2,1,True
2025-12-22,0,86,0,False
2025-12-23,0,30,2,True
2025-12-24,0,52,1,True
2025-12-25,0,1,0,True
2025-12-26,0,60,2,True
2025-12-27,0,2,0,True
2025-12-28,0,2,2,True
2025-12-29,0,2,1,True
2025-12-30,0,1,0,True
2025-12-31,0,2,1,True
2026-01-01,0,1,0,True
2026-01-02,0,66,0,False
2026-01-03,0,2,1,True
2026-01-04,0,57,0,True
2026-01-05,0,57,0,True
2026-01-06,0,56,1,True
2026-01-07,0,50,0,True
2026-01-08,0,1,2,True
2026-01-09,0,5,0,True
2026-01-10,0,2,1,True
2026-01-11,0,2,0,True
2026-01-12,0,54,1,True
2026-01-13,0,60,10,True
2026-01-14,0,1,1,True
2026-01-15,0,2,2,True
2026-01-16,0,2,2,True
2026-01-17,0,2,1,True
2026-01-18,0,2,1,True
2026-01-19,0,6,16,True
2026-01-20,0,50,4,True
2026-01-21,0,2,3,True
2026-01-22,0,49,1,True
2026-01-23,0,2,0,True
2026-01-24,0,2,0,True
2026-01-25,0,49,35,True
2026-01-26,0,1,3,True
2026-01-27,0,27,1,True
2026-01-28,0,72,0,False
2026-01-29,0,3,11,True
2026-01-30,0,17,10,True
2026-01-31,0,66,0,False
2026-02-01,0,1,2,True
2026-02-02,0,1,5,True
2026-02-03,0,3,3,True
2026-02-04,0,44,6,True
2026-03-01,0,1,13,True
2026-04-01,0,1,2,True
2026-05-01,0,11,2,True
2026-06-01,0,1,1,True
2026-07-01,0,1,5,True
2026-08-01,0,1,1,True
2026-09-01,0,1,3,True
